batch,drift_score
1,0.0027585201527661578
2,0.0495312821123563
3,0.10024346764611787
4,0.12719006382853876
5,0.13797911715365324
