batch,drift_score
1,0.0034435986636894354
2,0.15989948139091978
3,0.43824339271497137
